<?xml version='1.0' encoding='utf-8'?>
<!DOCTYPE hibernate-configuration PUBLIC
    "-//Hibernate/Hibernate Configuration DTD//EN"
    "http://www.hibernate.org/dtd/hibernate-configuration-3.0.dtd">
<hibernate-configuration>
  <session-factory>
    <property name="connection.url">jdbc:mysql://localhost:3306/restaurant_reservation</property>
    <property name="connection.driver_class">com.mysql.jdbc.Driver</property>
      <mapping class="com.fiona.restaurant_reservation.entity.Reservation"/>
      <mapping class="com.fiona.restaurant_reservation.entity.Restaurant"/>
      <mapping class="com.fiona.restaurant_reservation.entity.Review"/>
      <mapping class="com.fiona.restaurant_reservation.entity.Role"/>
      <mapping class="com.fiona.restaurant_reservation.entity.TimeslotOption"/>
      <mapping class="com.fiona.restaurant_reservation.entity.Timeslot"/>
      <mapping class="com.fiona.restaurant_reservation.entity.User"/>
      <!-- <property name="connection.username"/> -->
    <!-- <property name="connection.password"/> -->

    <!-- DB schema will be updated if needed -->
    <!-- <property name="hbm2ddl.auto">update</property> -->
  </session-factory>
</hibernate-configuration>